1,Raja,999888004,CCAP,Approved,300,SBI,9876543232
1,Raja,999888004,SNAP,Approved,300,SBI,9876543232
2,Raja,999888004,SNAP,Approved,300,SBI,9876543232
3,Raja,999888004,SNAP,Approved,300,SBI,9876543232
4,Raja,999888004,SNAP,Approved,300,SBI,9876543232
5,Raja,999888004,SNAP,Approved,300,SBI,9876543232
6,Raja,999888004,SNAP,Approved,300,SBI,9876543232
7,Raja,999888004,SNAP,Approved,300,SBI,9876543232
8,Raja,999888004,SNAP,Approved,300,SBI,9876543232
9,Raja,999888004,SNAP,Approved,300,SBI,9876543232
10,Raja,999888004,SNAP,Approved,300,SBI,9876543232
11,Raja,999888004,SNAP,Approved,300,SBI,9876543232
12,Raja,999888004,SNAP,Approved,300,SBI,9876543232
13,Raja,999888004,SNAP,Approved,300,SBI,9876543232
14,Raja,999888004,SNAP,Approved,300,SBI,9876543232
15,Raja,999888004,SNAP,Approved,300,SBI,9876543232
16,Raja,999888004,SNAP,Approved,300,SBI,9876543232
17,Raja,999888004,SNAP,Approved,300,SBI,9876543232
18,Raja,999888004,SNAP,Approved,300,SBI,9876543232
19,Raja,999888004,SNAP,Approved,300,SBI,9876543232
20,Raja,999888004,SNAP,Approved,300,SBI,9876543232
21,Raja,999888004,SNAP,Approved,300,SBI,9876543232
22,Raja,999888004,SNAP,Approved,300,SBI,9876543232
23,Raja,999888004,SNAP,Approved,300,SBI,9876543232
24,Raja,999888004,SNAP,Approved,300,SBI,9876543232
25,Raja,999888004,SNAP,Approved,300,SBI,9876543232
26,Raja,999888004,SNAP,Approved,300,SBI,9876543232
27,Raja,999888004,SNAP,Approved,300,SBI,9876543232
28,Raja,999888004,SNAP,Approved,300,SBI,9876543232
29,Raja,999888004,SNAP,Approved,300,SBI,9876543232
30,Raja,999888004,SNAP,Approved,300,SBI,9876543232
31,Raja,999888004,SNAP,Approved,300,SBI,9876543232
32,Raja,999888004,SNAP,Approved,300,SBI,9876543232
33,Raja,999888004,SNAP,Approved,300,SBI,9876543232
34,Raja,999888004,SNAP,Approved,300,SBI,9876543232
35,Raja,999888004,SNAP,Approved,300,SBI,9876543232
36,Raja,999888004,SNAP,Approved,300,SBI,9876543232
37,Raja,999888004,SNAP,Approved,300,SBI,9876543232
38,Raja,999888004,SNAP,Approved,300,SBI,9876543232
39,Raja,999888004,SNAP,Approved,300,SBI,9876543232
40,Raja,999888004,SNAP,Approved,300,SBI,9876543232
41,Raja,999888004,SNAP,Approved,300,SBI,9876543232
42,Raja,999888004,SNAP,Approved,300,SBI,9876543232
43,Raja,999888004,SNAP,Approved,300,SBI,9876543232
44,Raja,999888004,SNAP,Approved,300,SBI,9876543232
45,Raja,999888004,SNAP,Approved,300,SBI,9876543232
46,Raja,999888004,SNAP,Approved,300,SBI,9876543232
47,Raja,999888004,SNAP,Approved,300,SBI,9876543232
48,Raja,999888004,SNAP,Approved,300,SBI,9876543232
49,Raja,999888004,SNAP,Approved,300,SBI,9876543232
50,Raja,999888004,SNAP,Approved,300,SBI,9876543232
51,Raja,999888004,SNAP,Approved,300,SBI,9876543232
52,Raja,999888004,SNAP,Approved,300,SBI,9876543232
53,Raja,999888004,SNAP,Approved,300,SBI,9876543232
54,Raja,999888004,SNAP,Approved,300,SBI,9876543232
55,Raja,999888004,SNAP,Approved,300,SBI,9876543232
56,Raja,999888004,SNAP,Approved,300,SBI,9876543232
57,Raja,999888004,SNAP,Approved,300,SBI,9876543232
58,Raja,999888004,SNAP,Approved,300,SBI,9876543232
59,Raja,999888004,SNAP,Approved,300,SBI,9876543232
60,Raja,999888004,SNAP,Approved,300,SBI,9876543232
61,Raja,999888004,SNAP,Approved,300,SBI,9876543232
62,Raja,999888004,SNAP,Approved,300,SBI,9876543232
63,Raja,999888004,SNAP,Approved,300,SBI,9876543232
64,Raja,999888004,SNAP,Approved,300,SBI,9876543232
65,Raja,999888004,SNAP,Approved,300,SBI,9876543232
66,Raja,999888004,SNAP,Approved,300,SBI,9876543232
67,Raja,999888004,SNAP,Approved,300,SBI,9876543232
68,Raja,999888004,SNAP,Approved,300,SBI,9876543232
69,Raja,999888004,SNAP,Approved,300,SBI,9876543232
70,Raja,999888004,SNAP,Approved,300,SBI,9876543232
71,Raja,999888004,SNAP,Approved,300,SBI,9876543232
72,Raja,999888004,SNAP,Approved,300,SBI,9876543232
73,Raja,999888004,SNAP,Approved,300,SBI,9876543232
74,Raja,999888004,SNAP,Approved,300,SBI,9876543232
75,Raja,999888004,SNAP,Approved,300,SBI,9876543232
76,Raja,999888004,SNAP,Approved,300,SBI,9876543232
77,Raja,999888004,SNAP,Approved,300,SBI,9876543232
78,Raja,999888004,SNAP,Approved,300,SBI,9876543232
79,Raja,999888004,SNAP,Approved,300,SBI,9876543232
80,Raja,999888004,SNAP,Approved,300,SBI,9876543232
81,Raja,999888004,SNAP,Approved,300,SBI,9876543232
82,Raja,999888004,SNAP,Approved,300,SBI,9876543232
83,Raja,999888004,SNAP,Approved,300,SBI,9876543232
84,Raja,999888004,SNAP,Approved,300,SBI,9876543232
85,Raja,999888004,SNAP,Approved,300,SBI,9876543232
86,Raja,999888004,SNAP,Approved,300,SBI,9876543232
87,Raja,999888004,SNAP,Approved,300,SBI,9876543232
88,Raja,999888004,SNAP,Approved,300,SBI,9876543232
89,Raja,999888004,SNAP,Approved,300,SBI,9876543232
90,Raja,999888004,SNAP,Approved,300,SBI,9876543232
91,Raja,999888004,SNAP,Approved,300,SBI,9876543232
92,Raja,999888004,SNAP,Approved,300,SBI,9876543232
93,Raja,999888004,SNAP,Approved,300,SBI,9876543232
94,Raja,999888004,SNAP,Approved,300,SBI,9876543232
95,Raja,999888004,SNAP,Approved,300,SBI,9876543232
96,Raja,999888004,SNAP,Approved,300,SBI,9876543232
97,Raja,999888004,SNAP,Approved,300,SBI,9876543232
98,Raja,999888004,SNAP,Approved,300,SBI,9876543232
99,Raja,999888004,SNAP,Approved,300,SBI,9876543232
100,Raja,999888004,SNAP,Approved,300,SBI,9876543232
101,Raja,999888004,SNAP,Approved,300,SBI,9876543232
102,Raja,999888004,SNAP,Approved,300,SBI,9876543232
103,Raja,999888004,SNAP,Approved,300,SBI,9876543232
104,Raja,999888004,SNAP,Approved,300,SBI,9876543232
105,Raja,999888004,SNAP,Approved,300,SBI,9876543232
106,Raja,999888004,SNAP,Approved,300,SBI,9876543232
107,Raja,999888004,SNAP,Approved,300,SBI,9876543232
108,Raja,999888004,SNAP,Approved,300,SBI,9876543232
109,Raja,999888004,SNAP,Approved,300,SBI,9876543232
110,Raja,999888004,SNAP,Approved,300,SBI,9876543232
111,Raja,999888004,SNAP,Approved,300,SBI,9876543232
112,Raja,999888004,SNAP,Approved,300,SBI,9876543232
113,Raja,999888004,SNAP,Approved,300,SBI,9876543232
114,Raja,999888004,SNAP,Approved,300,SBI,9876543232
115,Raja,999888004,SNAP,Approved,300,SBI,9876543232
116,Raja,999888004,SNAP,Approved,300,SBI,9876543232
117,Raja,999888004,SNAP,Approved,300,SBI,9876543232
118,Raja,999888004,SNAP,Approved,300,SBI,9876543232
119,Raja,999888004,SNAP,Approved,300,SBI,9876543232
120,Raja,999888004,SNAP,Approved,300,SBI,9876543232
121,Raja,999888004,SNAP,Approved,300,SBI,9876543232
122,Raja,999888004,SNAP,Approved,300,SBI,9876543232
123,Raja,999888004,SNAP,Approved,300,SBI,9876543232
124,Raja,999888004,SNAP,Approved,300,SBI,9876543232
125,Raja,999888004,SNAP,Approved,300,SBI,9876543232
126,Raja,999888004,SNAP,Approved,300,SBI,9876543232
127,Raja,999888004,SNAP,Approved,300,SBI,9876543232
128,Raja,999888004,SNAP,Approved,300,SBI,9876543232
129,Raja,999888004,SNAP,Approved,300,SBI,9876543232
130,Raja,999888004,SNAP,Approved,300,SBI,9876543232
131,Raja,999888004,SNAP,Approved,300,SBI,9876543232
132,Raja,999888004,SNAP,Approved,300,SBI,9876543232
133,Raja,999888004,SNAP,Approved,300,SBI,9876543232
134,Raja,999888004,SNAP,Approved,300,SBI,9876543232
135,Raja,999888004,SNAP,Approved,300,SBI,9876543232
136,Raja,999888004,SNAP,Approved,300,SBI,9876543232
137,Raja,999888004,SNAP,Approved,300,SBI,9876543232
138,Raja,999888004,SNAP,Approved,300,SBI,9876543232
139,Raja,999888004,SNAP,Approved,300,SBI,9876543232
140,Raja,999888004,SNAP,Approved,300,SBI,9876543232
141,Raja,999888004,SNAP,Approved,300,SBI,9876543232
142,Raja,999888004,SNAP,Approved,300,SBI,9876543232
143,Raja,999888004,SNAP,Approved,300,SBI,9876543232
144,Raja,999888004,SNAP,Approved,300,SBI,9876543232
145,Raja,999888004,SNAP,Approved,300,SBI,9876543232
146,Raja,999888004,SNAP,Approved,300,SBI,9876543232
147,Raja,999888004,SNAP,Approved,300,SBI,9876543232
148,Raja,999888004,SNAP,Approved,300,SBI,9876543232
149,Raja,999888004,SNAP,Approved,300,SBI,9876543232
150,Raja,999888004,SNAP,Approved,300,SBI,9876543232
151,Raja,999888004,SNAP,Approved,300,SBI,9876543232
152,Raja,999888004,SNAP,Approved,300,SBI,9876543232
153,Raja,999888004,SNAP,Approved,300,SBI,9876543232
154,Raja,999888004,SNAP,Approved,300,SBI,9876543232
155,Raja,999888004,SNAP,Approved,300,SBI,9876543232
156,Raja,999888004,SNAP,Approved,300,SBI,9876543232
157,Raja,999888004,SNAP,Approved,300,SBI,9876543232
158,Raja,999888004,SNAP,Approved,300,SBI,9876543232
159,Raja,999888004,SNAP,Approved,300,SBI,9876543232
160,Raja,999888004,SNAP,Approved,300,SBI,9876543232
161,Raja,999888004,SNAP,Approved,300,SBI,9876543232
162,Raja,999888004,SNAP,Approved,300,SBI,9876543232
163,Raja,999888004,SNAP,Approved,300,SBI,9876543232
164,Raja,999888004,SNAP,Approved,300,SBI,9876543232
165,Raja,999888004,SNAP,Approved,300,SBI,9876543232
166,Raja,999888004,SNAP,Approved,300,SBI,9876543232
167,Raja,999888004,SNAP,Approved,300,SBI,9876543232
168,Raja,999888004,SNAP,Approved,300,SBI,9876543232
169,Raja,999888004,SNAP,Approved,300,SBI,9876543232
170,Raja,999888004,SNAP,Approved,300,SBI,9876543232
171,Raja,999888004,SNAP,Approved,300,SBI,9876543232
172,Raja,999888004,SNAP,Approved,300,SBI,9876543232
173,Raja,999888004,SNAP,Approved,300,SBI,9876543232
174,Raja,999888004,SNAP,Approved,300,SBI,9876543232
175,Raja,999888004,SNAP,Approved,300,SBI,9876543232
176,Raja,999888004,SNAP,Approved,300,SBI,9876543232
177,Raja,999888004,SNAP,Approved,300,SBI,9876543232
178,Raja,999888004,SNAP,Approved,300,SBI,9876543232
179,Raja,999888004,SNAP,Approved,300,SBI,9876543232
180,Raja,999888004,SNAP,Approved,300,SBI,9876543232
181,Raja,999888004,SNAP,Approved,300,SBI,9876543232
182,Raja,999888004,SNAP,Approved,300,SBI,9876543232
183,Raja,999888004,SNAP,Approved,300,SBI,9876543232
184,Raja,999888004,SNAP,Approved,300,SBI,9876543232
185,Raja,999888004,SNAP,Approved,300,SBI,9876543232
186,Raja,999888004,SNAP,Approved,300,SBI,9876543232
187,Raja,999888004,SNAP,Approved,300,SBI,9876543232
188,Raja,999888004,SNAP,Approved,300,SBI,9876543232
189,Raja,999888004,SNAP,Approved,300,SBI,9876543232
190,Raja,999888004,SNAP,Approved,300,SBI,9876543232
191,Raja,999888004,SNAP,Approved,300,SBI,9876543232
192,Raja,999888004,SNAP,Approved,300,SBI,9876543232
193,Raja,999888004,SNAP,Approved,300,SBI,9876543232
194,Raja,999888004,SNAP,Approved,300,SBI,9876543232
195,Raja,999888004,SNAP,Approved,300,SBI,9876543232
196,Raja,999888004,SNAP,Approved,300,SBI,9876543232
197,Raja,999888004,SNAP,Approved,300,SBI,9876543232
198,Raja,999888004,SNAP,Approved,300,SBI,9876543232
199,Raja,999888004,SNAP,Approved,300,SBI,9876543232
200,Raja,999888004,SNAP,Approved,300,SBI,9876543232
201,Raja,999888004,SNAP,Approved,300,SBI,9876543232
202,Raja,999888004,SNAP,Approved,300,SBI,9876543232
203,Raja,999888004,SNAP,Approved,300,SBI,9876543232
204,Raja,999888004,SNAP,Approved,300,SBI,9876543232
205,Raja,999888004,SNAP,Approved,300,SBI,9876543232
206,Raja,999888004,SNAP,Approved,300,SBI,9876543232
207,Raja,999888004,SNAP,Approved,300,SBI,9876543232
208,Raja,999888004,SNAP,Approved,300,SBI,9876543232
209,Raja,999888004,SNAP,Approved,300,SBI,9876543232
210,Raja,999888004,SNAP,Approved,300,SBI,9876543232
211,Raja,999888004,SNAP,Approved,300,SBI,9876543232
212,Raja,999888004,SNAP,Approved,300,SBI,9876543232
213,Raja,999888004,SNAP,Approved,300,SBI,9876543232
214,Raja,999888004,SNAP,Approved,300,SBI,9876543232
215,Raja,999888004,SNAP,Approved,300,SBI,9876543232
216,Raja,999888004,SNAP,Approved,300,SBI,9876543232
217,Raja,999888004,SNAP,Approved,300,SBI,9876543232
218,Raja,999888004,SNAP,Approved,300,SBI,9876543232
219,Raja,999888004,SNAP,Approved,300,SBI,9876543232
220,Raja,999888004,SNAP,Approved,300,SBI,9876543232
221,Raja,999888004,SNAP,Approved,300,SBI,9876543232
222,Raja,999888004,SNAP,Approved,300,SBI,9876543232
223,Raja,999888004,SNAP,Approved,300,SBI,9876543232
224,Raja,999888004,SNAP,Approved,300,SBI,9876543232
225,Raja,999888004,SNAP,Approved,300,SBI,9876543232
226,Raja,999888004,SNAP,Approved,300,SBI,9876543232
227,Raja,999888004,SNAP,Approved,300,SBI,9876543232
228,Raja,999888004,SNAP,Approved,300,SBI,9876543232
229,Raja,999888004,SNAP,Approved,300,SBI,9876543232
230,Raja,999888004,SNAP,Approved,300,SBI,9876543232
231,Raja,999888004,SNAP,Approved,300,SBI,9876543232
232,Raja,999888004,SNAP,Approved,300,SBI,9876543232
233,Raja,999888004,SNAP,Approved,300,SBI,9876543232
234,Raja,999888004,SNAP,Approved,300,SBI,9876543232
235,Raja,999888004,SNAP,Approved,300,SBI,9876543232
236,Raja,999888004,SNAP,Approved,300,SBI,9876543232
237,Raja,999888004,SNAP,Approved,300,SBI,9876543232
238,Raja,999888004,SNAP,Approved,300,SBI,9876543232
239,Raja,999888004,SNAP,Approved,300,SBI,9876543232
240,Raja,999888004,SNAP,Approved,300,SBI,9876543232
241,Raja,999888004,SNAP,Approved,300,SBI,9876543232
242,Raja,999888004,SNAP,Approved,300,SBI,9876543232
243,Raja,999888004,SNAP,Approved,300,SBI,9876543232
244,Raja,999888004,SNAP,Approved,300,SBI,9876543232
245,Raja,999888004,SNAP,Approved,300,SBI,9876543232
246,Raja,999888004,SNAP,Approved,300,SBI,9876543232
247,Raja,999888004,SNAP,Approved,300,SBI,9876543232
248,Raja,999888004,SNAP,Approved,300,SBI,9876543232
249,Raja,999888004,SNAP,Approved,300,SBI,9876543232
250,Raja,999888004,SNAP,Approved,300,SBI,9876543232
251,Raja,999888004,SNAP,Approved,300,SBI,9876543232
252,Raja,999888004,SNAP,Approved,300,SBI,9876543232
253,Raja,999888004,SNAP,Approved,300,SBI,9876543232
254,Raja,999888004,SNAP,Approved,300,SBI,9876543232
255,Raja,999888004,SNAP,Approved,300,SBI,9876543232
256,Raja,999888004,SNAP,Approved,300,SBI,9876543232
257,Raja,999888004,SNAP,Approved,300,SBI,9876543232
258,Raja,999888004,SNAP,Approved,300,SBI,9876543232
259,Raja,999888004,SNAP,Approved,300,SBI,9876543232
260,Raja,999888004,SNAP,Approved,300,SBI,9876543232
261,Raja,999888004,SNAP,Approved,300,SBI,9876543232
262,Raja,999888004,SNAP,Approved,300,SBI,9876543232
263,Raja,999888004,SNAP,Approved,300,SBI,9876543232
264,Raja,999888004,SNAP,Approved,300,SBI,9876543232
265,Raja,999888004,SNAP,Approved,300,SBI,9876543232
266,Raja,999888004,SNAP,Approved,300,SBI,9876543232
267,Raja,999888004,SNAP,Approved,300,SBI,9876543232
268,Raja,999888004,SNAP,Approved,300,SBI,9876543232
269,Raja,999888004,SNAP,Approved,300,SBI,9876543232
270,Raja,999888004,SNAP,Approved,300,SBI,9876543232
271,Raja,999888004,SNAP,Approved,300,SBI,9876543232
272,Raja,999888004,SNAP,Approved,300,SBI,9876543232
273,Raja,999888004,SNAP,Approved,300,SBI,9876543232
274,Raja,999888004,SNAP,Approved,300,SBI,9876543232
275,Raja,999888004,SNAP,Approved,300,SBI,9876543232
276,Raja,999888004,SNAP,Approved,300,SBI,9876543232
277,Raja,999888004,SNAP,Approved,300,SBI,9876543232
278,Raja,999888004,SNAP,Approved,300,SBI,9876543232
279,Raja,999888004,SNAP,Approved,300,SBI,9876543232
280,Raja,999888004,SNAP,Approved,300,SBI,9876543232
281,Raja,999888004,SNAP,Approved,300,SBI,9876543232
282,Raja,999888004,SNAP,Approved,300,SBI,9876543232
283,Raja,999888004,SNAP,Approved,300,SBI,9876543232
284,Raja,999888004,SNAP,Approved,300,SBI,9876543232
285,Raja,999888004,SNAP,Approved,300,SBI,9876543232
286,Raja,999888004,SNAP,Approved,300,SBI,9876543232
287,Raja,999888004,SNAP,Approved,300,SBI,9876543232
288,Raja,999888004,SNAP,Approved,300,SBI,9876543232
289,Raja,999888004,SNAP,Approved,300,SBI,9876543232
290,Raja,999888004,SNAP,Approved,300,SBI,9876543232
291,Raja,999888004,SNAP,Approved,300,SBI,9876543232
292,Raja,999888004,SNAP,Approved,300,SBI,9876543232
293,Raja,999888004,SNAP,Approved,300,SBI,9876543232
294,Raja,999888004,SNAP,Approved,300,SBI,9876543232
295,Raja,999888004,SNAP,Approved,300,SBI,9876543232
296,Raja,999888004,SNAP,Approved,300,SBI,9876543232
297,Raja,999888004,SNAP,Approved,300,SBI,9876543232
298,Raja,999888004,SNAP,Approved,300,SBI,9876543232
299,Raja,999888004,SNAP,Approved,300,SBI,9876543232
300,Raja,999888004,SNAP,Approved,300,SBI,9876543232
301,Raja,999888004,SNAP,Approved,300,SBI,9876543232
302,Raja,999888004,SNAP,Approved,300,SBI,9876543232
303,Raja,999888004,SNAP,Approved,300,SBI,9876543232
304,Raja,999888004,SNAP,Approved,300,SBI,9876543232
305,Raja,999888004,SNAP,Approved,300,SBI,9876543232
306,Raja,999888004,SNAP,Approved,300,SBI,9876543232
307,Raja,999888004,SNAP,Approved,300,SBI,9876543232
308,Raja,999888004,SNAP,Approved,300,SBI,9876543232
309,Raja,999888004,SNAP,Approved,300,SBI,9876543232
310,Raja,999888004,SNAP,Approved,300,SBI,9876543232
311,Raja,999888004,SNAP,Approved,300,SBI,9876543232
312,Raja,999888004,SNAP,Approved,300,SBI,9876543232
313,Raja,999888004,SNAP,Approved,300,SBI,9876543232
314,Raja,999888004,SNAP,Approved,300,SBI,9876543232
315,Raja,999888004,SNAP,Approved,300,SBI,9876543232
316,Raja,999888004,SNAP,Approved,300,SBI,9876543232
317,Raja,999888004,SNAP,Approved,300,SBI,9876543232
318,Raja,999888004,SNAP,Approved,300,SBI,9876543232
319,Raja,999888004,SNAP,Approved,300,SBI,9876543232
320,Raja,999888004,SNAP,Approved,300,SBI,9876543232
321,Raja,999888004,SNAP,Approved,300,SBI,9876543232
322,Raja,999888004,SNAP,Approved,300,SBI,9876543232
323,Raja,999888004,SNAP,Approved,300,SBI,9876543232
324,Raja,999888004,SNAP,Approved,300,SBI,9876543232
325,Raja,999888004,SNAP,Approved,300,SBI,9876543232
326,Raja,999888004,SNAP,Approved,300,SBI,9876543232
327,Raja,999888004,SNAP,Approved,300,SBI,9876543232
328,Raja,999888004,SNAP,Approved,300,SBI,9876543232
329,Raja,999888004,SNAP,Approved,300,SBI,9876543232
330,Raja,999888004,SNAP,Approved,300,SBI,9876543232
331,Raja,999888004,SNAP,Approved,300,SBI,9876543232
332,Raja,999888004,SNAP,Approved,300,SBI,9876543232
333,Raja,999888004,SNAP,Approved,300,SBI,9876543232
334,Raja,999888004,SNAP,Approved,300,SBI,9876543232
335,Raja,999888004,SNAP,Approved,300,SBI,9876543232
336,Raja,999888004,SNAP,Approved,300,SBI,9876543232
337,Raja,999888004,SNAP,Approved,300,SBI,9876543232
338,Raja,999888004,SNAP,Approved,300,SBI,9876543232
339,Raja,999888004,SNAP,Approved,300,SBI,9876543232
340,Raja,999888004,SNAP,Approved,300,SBI,9876543232
341,Raja,999888004,SNAP,Approved,300,SBI,9876543232
342,Raja,999888004,SNAP,Approved,300,SBI,9876543232
343,Raja,999888004,SNAP,Approved,300,SBI,9876543232
344,Raja,999888004,SNAP,Approved,300,SBI,9876543232
345,Raja,999888004,SNAP,Approved,300,SBI,9876543232
346,Raja,999888004,SNAP,Approved,300,SBI,9876543232
347,Raja,999888004,SNAP,Approved,300,SBI,9876543232
348,Raja,999888004,SNAP,Approved,300,SBI,9876543232
349,Raja,999888004,SNAP,Approved,300,SBI,9876543232
350,Raja,999888004,SNAP,Approved,300,SBI,9876543232
351,Raja,999888004,SNAP,Approved,300,SBI,9876543232
352,Raja,999888004,SNAP,Approved,300,SBI,9876543232
353,Raja,999888004,SNAP,Approved,300,SBI,9876543232
354,Raja,999888004,SNAP,Approved,300,SBI,9876543232
355,Raja,999888004,SNAP,Approved,300,SBI,9876543232
356,Raja,999888004,SNAP,Approved,300,SBI,9876543232
357,Raja,999888004,SNAP,Approved,300,SBI,9876543232
358,Raja,999888004,SNAP,Approved,300,SBI,9876543232
359,Raja,999888004,SNAP,Approved,300,SBI,9876543232
360,Raja,999888004,SNAP,Approved,300,SBI,9876543232
361,Raja,999888004,SNAP,Approved,300,SBI,9876543232
362,Raja,999888004,SNAP,Approved,300,SBI,9876543232
363,Raja,999888004,SNAP,Approved,300,SBI,9876543232
364,Raja,999888004,SNAP,Approved,300,SBI,9876543232
365,Raja,999888004,SNAP,Approved,300,SBI,9876543232
366,Raja,999888004,SNAP,Approved,300,SBI,9876543232
367,Raja,999888004,SNAP,Approved,300,SBI,9876543232
368,Raja,999888004,SNAP,Approved,300,SBI,9876543232
369,Raja,999888004,SNAP,Approved,300,SBI,9876543232
370,Raja,999888004,SNAP,Approved,300,SBI,9876543232
371,Raja,999888004,SNAP,Approved,300,SBI,9876543232
372,Raja,999888004,SNAP,Approved,300,SBI,9876543232
373,Raja,999888004,SNAP,Approved,300,SBI,9876543232
374,Raja,999888004,SNAP,Approved,300,SBI,9876543232
375,Raja,999888004,SNAP,Approved,300,SBI,9876543232
376,Raja,999888004,SNAP,Approved,300,SBI,9876543232
377,Raja,999888004,SNAP,Approved,300,SBI,9876543232
378,Raja,999888004,SNAP,Approved,300,SBI,9876543232
379,Raja,999888004,SNAP,Approved,300,SBI,9876543232
380,Raja,999888004,SNAP,Approved,300,SBI,9876543232
381,Raja,999888004,SNAP,Approved,300,SBI,9876543232
382,Raja,999888004,SNAP,Approved,300,SBI,9876543232
383,Raja,999888004,SNAP,Approved,300,SBI,9876543232
384,Raja,999888004,SNAP,Approved,300,SBI,9876543232
385,Raja,999888004,SNAP,Approved,300,SBI,9876543232
386,Raja,999888004,SNAP,Approved,300,SBI,9876543232
387,Raja,999888004,SNAP,Approved,300,SBI,9876543232
388,Raja,999888004,SNAP,Approved,300,SBI,9876543232
389,Raja,999888004,SNAP,Approved,300,SBI,9876543232
390,Raja,999888004,SNAP,Approved,300,SBI,9876543232
391,Raja,999888004,SNAP,Approved,300,SBI,9876543232
392,Raja,999888004,SNAP,Approved,300,SBI,9876543232
393,Raja,999888004,SNAP,Approved,300,SBI,9876543232
394,Raja,999888004,SNAP,Approved,300,SBI,9876543232
395,Raja,999888004,SNAP,Approved,300,SBI,9876543232
396,Raja,999888004,SNAP,Approved,300,SBI,9876543232
397,Raja,999888004,SNAP,Approved,300,SBI,9876543232
398,Raja,999888004,SNAP,Approved,300,SBI,9876543232
399,Raja,999888004,SNAP,Approved,300,SBI,9876543232
400,Raja,999888004,SNAP,Approved,300,SBI,9876543232
401,Raja,999888004,SNAP,Approved,300,SBI,9876543232
402,Raja,999888004,SNAP,Approved,300,SBI,9876543232
403,Raja,999888004,SNAP,Approved,300,SBI,9876543232
404,Raja,999888004,SNAP,Approved,300,SBI,9876543232
405,Raja,999888004,SNAP,Approved,300,SBI,9876543232
406,Raja,999888004,SNAP,Approved,300,SBI,9876543232
407,Raja,999888004,SNAP,Approved,300,SBI,9876543232
408,Raja,999888004,SNAP,Approved,300,SBI,9876543232
409,Raja,999888004,SNAP,Approved,300,SBI,9876543232
410,Raja,999888004,SNAP,Approved,300,SBI,9876543232
411,Raja,999888004,SNAP,Approved,300,SBI,9876543232
412,Raja,999888004,SNAP,Approved,300,SBI,9876543232
413,Raja,999888004,SNAP,Approved,300,SBI,9876543232
414,Raja,999888004,SNAP,Approved,300,SBI,9876543232
415,Raja,999888004,SNAP,Approved,300,SBI,9876543232
416,Raja,999888004,SNAP,Approved,300,SBI,9876543232
417,Raja,999888004,SNAP,Approved,300,SBI,9876543232
418,Raja,999888004,SNAP,Approved,300,SBI,9876543232
419,Raja,999888004,SNAP,Approved,300,SBI,9876543232
420,Raja,999888004,SNAP,Approved,300,SBI,9876543232
421,Raja,999888004,SNAP,Approved,300,SBI,9876543232
422,Raja,999888004,SNAP,Approved,300,SBI,9876543232
423,Raja,999888004,SNAP,Approved,300,SBI,9876543232
424,Raja,999888004,SNAP,Approved,300,SBI,9876543232
425,Raja,999888004,SNAP,Approved,300,SBI,9876543232
426,Raja,999888004,SNAP,Approved,300,SBI,9876543232
427,Raja,999888004,SNAP,Approved,300,SBI,9876543232
428,Raja,999888004,SNAP,Approved,300,SBI,9876543232
429,Raja,999888004,SNAP,Approved,300,SBI,9876543232
430,Raja,999888004,SNAP,Approved,300,SBI,9876543232
431,Raja,999888004,SNAP,Approved,300,SBI,9876543232
432,Raja,999888004,SNAP,Approved,300,SBI,9876543232
433,Raja,999888004,SNAP,Approved,300,SBI,9876543232
434,Raja,999888004,SNAP,Approved,300,SBI,9876543232
435,Raja,999888004,SNAP,Approved,300,SBI,9876543232
436,Raja,999888004,SNAP,Approved,300,SBI,9876543232
437,Raja,999888004,SNAP,Approved,300,SBI,9876543232
438,Raja,999888004,SNAP,Approved,300,SBI,9876543232
439,Raja,999888004,SNAP,Approved,300,SBI,9876543232
440,Raja,999888004,SNAP,Approved,300,SBI,9876543232
441,Raja,999888004,SNAP,Approved,300,SBI,9876543232
442,Raja,999888004,SNAP,Approved,300,SBI,9876543232
443,Raja,999888004,SNAP,Approved,300,SBI,9876543232
444,Raja,999888004,SNAP,Approved,300,SBI,9876543232
445,Raja,999888004,SNAP,Approved,300,SBI,9876543232
446,Raja,999888004,SNAP,Approved,300,SBI,9876543232
447,Raja,999888004,SNAP,Approved,300,SBI,9876543232
448,Raja,999888004,SNAP,Approved,300,SBI,9876543232
449,Raja,999888004,SNAP,Approved,300,SBI,9876543232
450,Raja,999888004,SNAP,Approved,300,SBI,9876543232
451,Raja,999888004,SNAP,Approved,300,SBI,9876543232
452,Raja,999888004,SNAP,Approved,300,SBI,9876543232
453,Raja,999888004,SNAP,Approved,300,SBI,9876543232
454,Raja,999888004,SNAP,Approved,300,SBI,9876543232
455,Raja,999888004,SNAP,Approved,300,SBI,9876543232
456,Raja,999888004,SNAP,Approved,300,SBI,9876543232
457,Raja,999888004,SNAP,Approved,300,SBI,9876543232
458,Raja,999888004,SNAP,Approved,300,SBI,9876543232
459,Raja,999888004,SNAP,Approved,300,SBI,9876543232
460,Raja,999888004,SNAP,Approved,300,SBI,9876543232
461,Raja,999888004,SNAP,Approved,300,SBI,9876543232
462,Raja,999888004,SNAP,Approved,300,SBI,9876543232
463,Raja,999888004,SNAP,Approved,300,SBI,9876543232
464,Raja,999888004,SNAP,Approved,300,SBI,9876543232
465,Raja,999888004,SNAP,Approved,300,SBI,9876543232
466,Raja,999888004,SNAP,Approved,300,SBI,9876543232
467,Raja,999888004,SNAP,Approved,300,SBI,9876543232
468,Raja,999888004,SNAP,Approved,300,SBI,9876543232
469,Raja,999888004,SNAP,Approved,300,SBI,9876543232
470,Raja,999888004,SNAP,Approved,300,SBI,9876543232
471,Raja,999888004,SNAP,Approved,300,SBI,9876543232
472,Raja,999888004,SNAP,Approved,300,SBI,9876543232
473,Raja,999888004,SNAP,Approved,300,SBI,9876543232
474,Raja,999888004,SNAP,Approved,300,SBI,9876543232
475,Raja,999888004,SNAP,Approved,300,SBI,9876543232
476,Raja,999888004,SNAP,Approved,300,SBI,9876543232
477,Raja,999888004,SNAP,Approved,300,SBI,9876543232
478,Raja,999888004,SNAP,Approved,300,SBI,9876543232
479,Raja,999888004,SNAP,Approved,300,SBI,9876543232
480,Raja,999888004,SNAP,Approved,300,SBI,9876543232
481,Raja,999888004,SNAP,Approved,300,SBI,9876543232
482,Raja,999888004,SNAP,Approved,300,SBI,9876543232
483,Raja,999888004,SNAP,Approved,300,SBI,9876543232
484,Raja,999888004,SNAP,Approved,300,SBI,9876543232
485,Raja,999888004,SNAP,Approved,300,SBI,9876543232
486,Raja,999888004,SNAP,Approved,300,SBI,9876543232
487,Raja,999888004,SNAP,Approved,300,SBI,9876543232
488,Raja,999888004,SNAP,Approved,300,SBI,9876543232
489,Raja,999888004,SNAP,Approved,300,SBI,9876543232
490,Raja,999888004,SNAP,Approved,300,SBI,9876543232
491,Raja,999888004,SNAP,Approved,300,SBI,9876543232
492,Raja,999888004,SNAP,Approved,300,SBI,9876543232
493,Raja,999888004,SNAP,Approved,300,SBI,9876543232
494,Raja,999888004,SNAP,Approved,300,SBI,9876543232
495,Raja,999888004,SNAP,Approved,300,SBI,9876543232
496,Raja,999888004,SNAP,Approved,300,SBI,9876543232
497,Raja,999888004,SNAP,Approved,300,SBI,9876543232
498,Raja,999888004,SNAP,Approved,300,SBI,9876543232
499,Raja,999888004,SNAP,Approved,300,SBI,9876543232
500,Raja,999888004,SNAP,Approved,300,SBI,9876543232
501,Raja,999888004,SNAP,Approved,300,SBI,9876543232
502,Raja,999888004,SNAP,Approved,300,SBI,9876543232
503,Raja,999888004,SNAP,Approved,300,SBI,9876543232
504,Raja,999888004,SNAP,Approved,300,SBI,9876543232
505,Raja,999888004,SNAP,Approved,300,SBI,9876543232
506,Raja,999888004,SNAP,Approved,300,SBI,9876543232
507,Raja,999888004,SNAP,Approved,300,SBI,9876543232
508,Raja,999888004,SNAP,Approved,300,SBI,9876543232
509,Raja,999888004,SNAP,Approved,300,SBI,9876543232
510,Raja,999888004,SNAP,Approved,300,SBI,9876543232
511,Raja,999888004,SNAP,Approved,300,SBI,9876543232
512,Raja,999888004,SNAP,Approved,300,SBI,9876543232
513,Raja,999888004,SNAP,Approved,300,SBI,9876543232
514,Raja,999888004,SNAP,Approved,300,SBI,9876543232
515,Raja,999888004,SNAP,Approved,300,SBI,9876543232
516,Raja,999888004,SNAP,Approved,300,SBI,9876543232
517,Raja,999888004,SNAP,Approved,300,SBI,9876543232
518,Raja,999888004,SNAP,Approved,300,SBI,9876543232
519,Raja,999888004,SNAP,Approved,300,SBI,9876543232
520,Raja,999888004,SNAP,Approved,300,SBI,9876543232
521,Raja,999888004,SNAP,Approved,300,SBI,9876543232
522,Raja,999888004,SNAP,Approved,300,SBI,9876543232
523,Raja,999888004,SNAP,Approved,300,SBI,9876543232
524,Raja,999888004,SNAP,Approved,300,SBI,9876543232
525,Raja,999888004,SNAP,Approved,300,SBI,9876543232
526,Raja,999888004,SNAP,Approved,300,SBI,9876543232
527,Raja,999888004,SNAP,Approved,300,SBI,9876543232
528,Raja,999888004,SNAP,Approved,300,SBI,9876543232
529,Raja,999888004,SNAP,Approved,300,SBI,9876543232
530,Raja,999888004,SNAP,Approved,300,SBI,9876543232
531,Raja,999888004,SNAP,Approved,300,SBI,9876543232
532,Raja,999888004,SNAP,Approved,300,SBI,9876543232
533,Raja,999888004,SNAP,Approved,300,SBI,9876543232
534,Raja,999888004,SNAP,Approved,300,SBI,9876543232
535,Raja,999888004,SNAP,Approved,300,SBI,9876543232
536,Raja,999888004,SNAP,Approved,300,SBI,9876543232
537,Raja,999888004,SNAP,Approved,300,SBI,9876543232
538,Raja,999888004,SNAP,Approved,300,SBI,9876543232
539,Raja,999888004,SNAP,Approved,300,SBI,9876543232
540,Raja,999888004,SNAP,Approved,300,SBI,9876543232
541,Raja,999888004,SNAP,Approved,300,SBI,9876543232
542,Raja,999888004,SNAP,Approved,300,SBI,9876543232
543,Raja,999888004,SNAP,Approved,300,SBI,9876543232
544,Raja,999888004,SNAP,Approved,300,SBI,9876543232
545,Raja,999888004,SNAP,Approved,300,SBI,9876543232
546,Raja,999888004,SNAP,Approved,300,SBI,9876543232
547,Raja,999888004,SNAP,Approved,300,SBI,9876543232
548,Raja,999888004,SNAP,Approved,300,SBI,9876543232
549,Raja,999888004,SNAP,Approved,300,SBI,9876543232
550,Raja,999888004,SNAP,Approved,300,SBI,9876543232
551,Raja,999888004,SNAP,Approved,300,SBI,9876543232
552,Raja,999888004,SNAP,Approved,300,SBI,9876543232
553,Raja,999888004,SNAP,Approved,300,SBI,9876543232
554,Raja,999888004,SNAP,Approved,300,SBI,9876543232
555,Raja,999888004,SNAP,Approved,300,SBI,9876543232
556,Raja,999888004,SNAP,Approved,300,SBI,9876543232
557,Raja,999888004,SNAP,Approved,300,SBI,9876543232
558,Raja,999888004,SNAP,Approved,300,SBI,9876543232
559,Raja,999888004,SNAP,Approved,300,SBI,9876543232
560,Raja,999888004,SNAP,Approved,300,SBI,9876543232
561,Raja,999888004,SNAP,Approved,300,SBI,9876543232
562,Raja,999888004,SNAP,Approved,300,SBI,9876543232
563,Raja,999888004,SNAP,Approved,300,SBI,9876543232
564,Raja,999888004,SNAP,Approved,300,SBI,9876543232
565,Raja,999888004,SNAP,Approved,300,SBI,9876543232
566,Raja,999888004,SNAP,Approved,300,SBI,9876543232
567,Raja,999888004,SNAP,Approved,300,SBI,9876543232
568,Raja,999888004,SNAP,Approved,300,SBI,9876543232
569,Raja,999888004,SNAP,Approved,300,SBI,9876543232
570,Raja,999888004,SNAP,Approved,300,SBI,9876543232
571,Raja,999888004,SNAP,Approved,300,SBI,9876543232
572,Raja,999888004,SNAP,Approved,300,SBI,9876543232
573,Raja,999888004,SNAP,Approved,300,SBI,9876543232
574,Raja,999888004,SNAP,Approved,300,SBI,9876543232
575,Raja,999888004,SNAP,Approved,300,SBI,9876543232
576,Raja,999888004,SNAP,Approved,300,SBI,9876543232
577,Raja,999888004,SNAP,Approved,300,SBI,9876543232
578,Raja,999888004,SNAP,Approved,300,SBI,9876543232
579,Raja,999888004,SNAP,Approved,300,SBI,9876543232
580,Raja,999888004,SNAP,Approved,300,SBI,9876543232
581,Raja,999888004,SNAP,Approved,300,SBI,9876543232
582,Raja,999888004,SNAP,Approved,300,SBI,9876543232
583,Raja,999888004,SNAP,Approved,300,SBI,9876543232
584,Raja,999888004,SNAP,Approved,300,SBI,9876543232
585,Raja,999888004,SNAP,Approved,300,SBI,9876543232
586,Raja,999888004,SNAP,Approved,300,SBI,9876543232
587,Raja,999888004,SNAP,Approved,300,SBI,9876543232
588,Raja,999888004,SNAP,Approved,300,SBI,9876543232
589,Raja,999888004,SNAP,Approved,300,SBI,9876543232
590,Raja,999888004,SNAP,Approved,300,SBI,9876543232
591,Raja,999888004,SNAP,Approved,300,SBI,9876543232
592,Raja,999888004,SNAP,Approved,300,SBI,9876543232
593,Raja,999888004,SNAP,Approved,300,SBI,9876543232
594,Raja,999888004,SNAP,Approved,300,SBI,9876543232
595,Raja,999888004,SNAP,Approved,300,SBI,9876543232
596,Raja,999888004,SNAP,Approved,300,SBI,9876543232
597,Raja,999888004,SNAP,Approved,300,SBI,9876543232
598,Raja,999888004,SNAP,Approved,300,SBI,9876543232
599,Raja,999888004,SNAP,Approved,300,SBI,9876543232
600,Raja,999888004,SNAP,Approved,300,SBI,9876543232
601,Raja,999888004,SNAP,Approved,300,SBI,9876543232
602,Raja,999888004,SNAP,Approved,300,SBI,9876543232
603,Raja,999888004,SNAP,Approved,300,SBI,9876543232
604,Raja,999888004,SNAP,Approved,300,SBI,9876543232
605,Raja,999888004,SNAP,Approved,300,SBI,9876543232
606,Raja,999888004,SNAP,Approved,300,SBI,9876543232
607,Raja,999888004,SNAP,Approved,300,SBI,9876543232
608,Raja,999888004,SNAP,Approved,300,SBI,9876543232
609,Raja,999888004,SNAP,Approved,300,SBI,9876543232
610,Raja,999888004,SNAP,Approved,300,SBI,9876543232
611,Raja,999888004,SNAP,Approved,300,SBI,9876543232
612,Raja,999888004,SNAP,Approved,300,SBI,9876543232
613,Raja,999888004,SNAP,Approved,300,SBI,9876543232
614,Raja,999888004,SNAP,Approved,300,SBI,9876543232
615,Raja,999888004,SNAP,Approved,300,SBI,9876543232
616,Raja,999888004,SNAP,Approved,300,SBI,9876543232
617,Raja,999888004,SNAP,Approved,300,SBI,9876543232
618,Raja,999888004,SNAP,Approved,300,SBI,9876543232
619,Raja,999888004,SNAP,Approved,300,SBI,9876543232
620,Raja,999888004,SNAP,Approved,300,SBI,9876543232
621,Raja,999888004,SNAP,Approved,300,SBI,9876543232
622,Raja,999888004,SNAP,Approved,300,SBI,9876543232
623,Raja,999888004,SNAP,Approved,300,SBI,9876543232
624,Raja,999888004,SNAP,Approved,300,SBI,9876543232
625,Raja,999888004,SNAP,Approved,300,SBI,9876543232
626,Raja,999888004,SNAP,Approved,300,SBI,9876543232
627,Raja,999888004,SNAP,Approved,300,SBI,9876543232
628,Raja,999888004,SNAP,Approved,300,SBI,9876543232
629,Raja,999888004,SNAP,Approved,300,SBI,9876543232
630,Raja,999888004,SNAP,Approved,300,SBI,9876543232
631,Raja,999888004,SNAP,Approved,300,SBI,9876543232
632,Raja,999888004,SNAP,Approved,300,SBI,9876543232
633,Raja,999888004,SNAP,Approved,300,SBI,9876543232
634,Raja,999888004,SNAP,Approved,300,SBI,9876543232
635,Raja,999888004,SNAP,Approved,300,SBI,9876543232
636,Raja,999888004,SNAP,Approved,300,SBI,9876543232
637,Raja,999888004,SNAP,Approved,300,SBI,9876543232
638,Raja,999888004,SNAP,Approved,300,SBI,9876543232
639,Raja,999888004,SNAP,Approved,300,SBI,9876543232
640,Raja,999888004,SNAP,Approved,300,SBI,9876543232
641,Raja,999888004,SNAP,Approved,300,SBI,9876543232
642,Raja,999888004,SNAP,Approved,300,SBI,9876543232
643,Raja,999888004,SNAP,Approved,300,SBI,9876543232
644,Raja,999888004,SNAP,Approved,300,SBI,9876543232
645,Raja,999888004,SNAP,Approved,300,SBI,9876543232
646,Raja,999888004,SNAP,Approved,300,SBI,9876543232
647,Raja,999888004,SNAP,Approved,300,SBI,9876543232
648,Raja,999888004,SNAP,Approved,300,SBI,9876543232
649,Raja,999888004,SNAP,Approved,300,SBI,9876543232
650,Raja,999888004,SNAP,Approved,300,SBI,9876543232
651,Raja,999888004,SNAP,Approved,300,SBI,9876543232
652,Raja,999888004,SNAP,Approved,300,SBI,9876543232
653,Raja,999888004,SNAP,Approved,300,SBI,9876543232
654,Raja,999888004,SNAP,Approved,300,SBI,9876543232
655,Raja,999888004,SNAP,Approved,300,SBI,9876543232
656,Raja,999888004,SNAP,Approved,300,SBI,9876543232
657,Raja,999888004,SNAP,Approved,300,SBI,9876543232
658,Raja,999888004,SNAP,Approved,300,SBI,9876543232
659,Raja,999888004,SNAP,Approved,300,SBI,9876543232
660,Raja,999888004,SNAP,Approved,300,SBI,9876543232
661,Raja,999888004,SNAP,Approved,300,SBI,9876543232
662,Raja,999888004,SNAP,Approved,300,SBI,9876543232
663,Raja,999888004,SNAP,Approved,300,SBI,9876543232
664,Raja,999888004,SNAP,Approved,300,SBI,9876543232
665,Raja,999888004,SNAP,Approved,300,SBI,9876543232
666,Raja,999888004,SNAP,Approved,300,SBI,9876543232
667,Raja,999888004,SNAP,Approved,300,SBI,9876543232
668,Raja,999888004,SNAP,Approved,300,SBI,9876543232
669,Raja,999888004,SNAP,Approved,300,SBI,9876543232
670,Raja,999888004,SNAP,Approved,300,SBI,9876543232
671,Raja,999888004,SNAP,Approved,300,SBI,9876543232
672,Raja,999888004,SNAP,Approved,300,SBI,9876543232
673,Raja,999888004,SNAP,Approved,300,SBI,9876543232
674,Raja,999888004,SNAP,Approved,300,SBI,9876543232
675,Raja,999888004,SNAP,Approved,300,SBI,9876543232
676,Raja,999888004,SNAP,Approved,300,SBI,9876543232
677,Raja,999888004,SNAP,Approved,300,SBI,9876543232
678,Raja,999888004,SNAP,Approved,300,SBI,9876543232
679,Raja,999888004,SNAP,Approved,300,SBI,9876543232
680,Raja,999888004,SNAP,Approved,300,SBI,9876543232
681,Raja,999888004,SNAP,Approved,300,SBI,9876543232
682,Raja,999888004,SNAP,Approved,300,SBI,9876543232
683,Raja,999888004,SNAP,Approved,300,SBI,9876543232
684,Raja,999888004,SNAP,Approved,300,SBI,9876543232
685,Raja,999888004,SNAP,Approved,300,SBI,9876543232
686,Raja,999888004,SNAP,Approved,300,SBI,9876543232
687,Raja,999888004,SNAP,Approved,300,SBI,9876543232
688,Raja,999888004,SNAP,Approved,300,SBI,9876543232
689,Raja,999888004,SNAP,Approved,300,SBI,9876543232
690,Raja,999888004,SNAP,Approved,300,SBI,9876543232
691,Raja,999888004,SNAP,Approved,300,SBI,9876543232
692,Raja,999888004,SNAP,Approved,300,SBI,9876543232
693,Raja,999888004,SNAP,Approved,300,SBI,9876543232
694,Raja,999888004,SNAP,Approved,300,SBI,9876543232
695,Raja,999888004,SNAP,Approved,300,SBI,9876543232
696,Raja,999888004,SNAP,Approved,300,SBI,9876543232
697,Raja,999888004,SNAP,Approved,300,SBI,9876543232
698,Raja,999888004,SNAP,Approved,300,SBI,9876543232
699,Raja,999888004,SNAP,Approved,300,SBI,9876543232
700,Raja,999888004,SNAP,Approved,300,SBI,9876543232
701,Raja,999888004,SNAP,Approved,300,SBI,9876543232
702,Raja,999888004,SNAP,Approved,300,SBI,9876543232
703,Raja,999888004,SNAP,Approved,300,SBI,9876543232
704,Raja,999888004,SNAP,Approved,300,SBI,9876543232
705,Raja,999888004,SNAP,Approved,300,SBI,9876543232
706,Raja,999888004,SNAP,Approved,300,SBI,9876543232
707,Raja,999888004,SNAP,Approved,300,SBI,9876543232
708,Raja,999888004,SNAP,Approved,300,SBI,9876543232
709,Raja,999888004,SNAP,Approved,300,SBI,9876543232
710,Raja,999888004,SNAP,Approved,300,SBI,9876543232
711,Raja,999888004,SNAP,Approved,300,SBI,9876543232
712,Raja,999888004,SNAP,Approved,300,SBI,9876543232
713,Raja,999888004,SNAP,Approved,300,SBI,9876543232
714,Raja,999888004,SNAP,Approved,300,SBI,9876543232
715,Raja,999888004,SNAP,Approved,300,SBI,9876543232
716,Raja,999888004,SNAP,Approved,300,SBI,9876543232
717,Raja,999888004,SNAP,Approved,300,SBI,9876543232
718,Raja,999888004,SNAP,Approved,300,SBI,9876543232
719,Raja,999888004,SNAP,Approved,300,SBI,9876543232
720,Raja,999888004,SNAP,Approved,300,SBI,9876543232
721,Raja,999888004,SNAP,Approved,300,SBI,9876543232
722,Raja,999888004,SNAP,Approved,300,SBI,9876543232
723,Raja,999888004,SNAP,Approved,300,SBI,9876543232
724,Raja,999888004,SNAP,Approved,300,SBI,9876543232
725,Raja,999888004,SNAP,Approved,300,SBI,9876543232
726,Raja,999888004,SNAP,Approved,300,SBI,9876543232
727,Raja,999888004,SNAP,Approved,300,SBI,9876543232
728,Raja,999888004,SNAP,Approved,300,SBI,9876543232
729,Raja,999888004,SNAP,Approved,300,SBI,9876543232
730,Raja,999888004,SNAP,Approved,300,SBI,9876543232
731,Raja,999888004,SNAP,Approved,300,SBI,9876543232
732,Raja,999888004,SNAP,Approved,300,SBI,9876543232
733,Raja,999888004,SNAP,Approved,300,SBI,9876543232
734,Raja,999888004,SNAP,Approved,300,SBI,9876543232
735,Raja,999888004,SNAP,Approved,300,SBI,9876543232
736,Raja,999888004,SNAP,Approved,300,SBI,9876543232
737,Raja,999888004,SNAP,Approved,300,SBI,9876543232
738,Raja,999888004,SNAP,Approved,300,SBI,9876543232
739,Raja,999888004,SNAP,Approved,300,SBI,9876543232
740,Raja,999888004,SNAP,Approved,300,SBI,9876543232
741,Raja,999888004,SNAP,Approved,300,SBI,9876543232
742,Raja,999888004,SNAP,Approved,300,SBI,9876543232
743,Raja,999888004,SNAP,Approved,300,SBI,9876543232
744,Raja,999888004,SNAP,Approved,300,SBI,9876543232
745,Raja,999888004,SNAP,Approved,300,SBI,9876543232
746,Raja,999888004,SNAP,Approved,300,SBI,9876543232
747,Raja,999888004,SNAP,Approved,300,SBI,9876543232
748,Raja,999888004,SNAP,Approved,300,SBI,9876543232
749,Raja,999888004,SNAP,Approved,300,SBI,9876543232
750,Raja,999888004,SNAP,Approved,300,SBI,9876543232
751,Raja,999888004,SNAP,Approved,300,SBI,9876543232
752,Raja,999888004,SNAP,Approved,300,SBI,9876543232
753,Raja,999888004,SNAP,Approved,300,SBI,9876543232
754,Raja,999888004,SNAP,Approved,300,SBI,9876543232
755,Raja,999888004,SNAP,Approved,300,SBI,9876543232
756,Raja,999888004,SNAP,Approved,300,SBI,9876543232
757,Raja,999888004,SNAP,Approved,300,SBI,9876543232
758,Raja,999888004,SNAP,Approved,300,SBI,9876543232
759,Raja,999888004,SNAP,Approved,300,SBI,9876543232
760,Raja,999888004,SNAP,Approved,300,SBI,9876543232
761,Raja,999888004,SNAP,Approved,300,SBI,9876543232
762,Raja,999888004,SNAP,Approved,300,SBI,9876543232
763,Raja,999888004,SNAP,Approved,300,SBI,9876543232
764,Raja,999888004,SNAP,Approved,300,SBI,9876543232
765,Raja,999888004,SNAP,Approved,300,SBI,9876543232
766,Raja,999888004,SNAP,Approved,300,SBI,9876543232
767,Raja,999888004,SNAP,Approved,300,SBI,9876543232
768,Raja,999888004,SNAP,Approved,300,SBI,9876543232
769,Raja,999888004,SNAP,Approved,300,SBI,9876543232
770,Raja,999888004,SNAP,Approved,300,SBI,9876543232
771,Raja,999888004,SNAP,Approved,300,SBI,9876543232
772,Raja,999888004,SNAP,Approved,300,SBI,9876543232
773,Raja,999888004,SNAP,Approved,300,SBI,9876543232
774,Raja,999888004,SNAP,Approved,300,SBI,9876543232
775,Raja,999888004,SNAP,Approved,300,SBI,9876543232
776,Raja,999888004,SNAP,Approved,300,SBI,9876543232
777,Raja,999888004,SNAP,Approved,300,SBI,9876543232
778,Raja,999888004,SNAP,Approved,300,SBI,9876543232
779,Raja,999888004,SNAP,Approved,300,SBI,9876543232
780,Raja,999888004,SNAP,Approved,300,SBI,9876543232
781,Raja,999888004,SNAP,Approved,300,SBI,9876543232
782,Raja,999888004,SNAP,Approved,300,SBI,9876543232
783,Raja,999888004,SNAP,Approved,300,SBI,9876543232
784,Raja,999888004,SNAP,Approved,300,SBI,9876543232
785,Raja,999888004,SNAP,Approved,300,SBI,9876543232
786,Raja,999888004,SNAP,Approved,300,SBI,9876543232
787,Raja,999888004,SNAP,Approved,300,SBI,9876543232
788,Raja,999888004,SNAP,Approved,300,SBI,9876543232
789,Raja,999888004,SNAP,Approved,300,SBI,9876543232
790,Raja,999888004,SNAP,Approved,300,SBI,9876543232
791,Raja,999888004,SNAP,Approved,300,SBI,9876543232
792,Raja,999888004,SNAP,Approved,300,SBI,9876543232
793,Raja,999888004,SNAP,Approved,300,SBI,9876543232
794,Raja,999888004,SNAP,Approved,300,SBI,9876543232
795,Raja,999888004,SNAP,Approved,300,SBI,9876543232
796,Raja,999888004,SNAP,Approved,300,SBI,9876543232
797,Raja,999888004,SNAP,Approved,300,SBI,9876543232
798,Raja,999888004,SNAP,Approved,300,SBI,9876543232
799,Raja,999888004,SNAP,Approved,300,SBI,9876543232
800,Raja,999888004,SNAP,Approved,300,SBI,9876543232
801,Raja,999888004,SNAP,Approved,300,SBI,9876543232
802,Raja,999888004,SNAP,Approved,300,SBI,9876543232
803,Raja,999888004,SNAP,Approved,300,SBI,9876543232
804,Raja,999888004,SNAP,Approved,300,SBI,9876543232
805,Raja,999888004,SNAP,Approved,300,SBI,9876543232
806,Raja,999888004,SNAP,Approved,300,SBI,9876543232
807,Raja,999888004,SNAP,Approved,300,SBI,9876543232
808,Raja,999888004,SNAP,Approved,300,SBI,9876543232
809,Raja,999888004,SNAP,Approved,300,SBI,9876543232
810,Raja,999888004,SNAP,Approved,300,SBI,9876543232
811,Raja,999888004,SNAP,Approved,300,SBI,9876543232
812,Raja,999888004,SNAP,Approved,300,SBI,9876543232
813,Raja,999888004,SNAP,Approved,300,SBI,9876543232
814,Raja,999888004,SNAP,Approved,300,SBI,9876543232
815,Raja,999888004,SNAP,Approved,300,SBI,9876543232
816,Raja,999888004,SNAP,Approved,300,SBI,9876543232
817,Raja,999888004,SNAP,Approved,300,SBI,9876543232
818,Raja,999888004,SNAP,Approved,300,SBI,9876543232
819,Raja,999888004,SNAP,Approved,300,SBI,9876543232
820,Raja,999888004,SNAP,Approved,300,SBI,9876543232
821,Raja,999888004,SNAP,Approved,300,SBI,9876543232
822,Raja,999888004,SNAP,Approved,300,SBI,9876543232
823,Raja,999888004,SNAP,Approved,300,SBI,9876543232
824,Raja,999888004,SNAP,Approved,300,SBI,9876543232
825,Raja,999888004,SNAP,Approved,300,SBI,9876543232
826,Raja,999888004,SNAP,Approved,300,SBI,9876543232
827,Raja,999888004,SNAP,Approved,300,SBI,9876543232
828,Raja,999888004,SNAP,Approved,300,SBI,9876543232
829,Raja,999888004,SNAP,Approved,300,SBI,9876543232
830,Raja,999888004,SNAP,Approved,300,SBI,9876543232
831,Raja,999888004,SNAP,Approved,300,SBI,9876543232
832,Raja,999888004,SNAP,Approved,300,SBI,9876543232
833,Raja,999888004,SNAP,Approved,300,SBI,9876543232
834,Raja,999888004,SNAP,Approved,300,SBI,9876543232
835,Raja,999888004,SNAP,Approved,300,SBI,9876543232
836,Raja,999888004,SNAP,Approved,300,SBI,9876543232
837,Raja,999888004,SNAP,Approved,300,SBI,9876543232
838,Raja,999888004,SNAP,Approved,300,SBI,9876543232
839,Raja,999888004,SNAP,Approved,300,SBI,9876543232
840,Raja,999888004,SNAP,Approved,300,SBI,9876543232
841,Raja,999888004,SNAP,Approved,300,SBI,9876543232
842,Raja,999888004,SNAP,Approved,300,SBI,9876543232
843,Raja,999888004,SNAP,Approved,300,SBI,9876543232
844,Raja,999888004,SNAP,Approved,300,SBI,9876543232
845,Raja,999888004,SNAP,Approved,300,SBI,9876543232
846,Raja,999888004,SNAP,Approved,300,SBI,9876543232
847,Raja,999888004,SNAP,Approved,300,SBI,9876543232
848,Raja,999888004,SNAP,Approved,300,SBI,9876543232
849,Raja,999888004,SNAP,Approved,300,SBI,9876543232
850,Raja,999888004,SNAP,Approved,300,SBI,9876543232
851,Raja,999888004,SNAP,Approved,300,SBI,9876543232
852,Raja,999888004,SNAP,Approved,300,SBI,9876543232
853,Raja,999888004,SNAP,Approved,300,SBI,9876543232
854,Raja,999888004,SNAP,Approved,300,SBI,9876543232
855,Raja,999888004,SNAP,Approved,300,SBI,9876543232
856,Raja,999888004,SNAP,Approved,300,SBI,9876543232
857,Raja,999888004,SNAP,Approved,300,SBI,9876543232
858,Raja,999888004,SNAP,Approved,300,SBI,9876543232
859,Raja,999888004,SNAP,Approved,300,SBI,9876543232
860,Raja,999888004,SNAP,Approved,300,SBI,9876543232
861,Raja,999888004,SNAP,Approved,300,SBI,9876543232
862,Raja,999888004,SNAP,Approved,300,SBI,9876543232
863,Raja,999888004,SNAP,Approved,300,SBI,9876543232
864,Raja,999888004,SNAP,Approved,300,SBI,9876543232
865,Raja,999888004,SNAP,Approved,300,SBI,9876543232
866,Raja,999888004,SNAP,Approved,300,SBI,9876543232
867,Raja,999888004,SNAP,Approved,300,SBI,9876543232
868,Raja,999888004,SNAP,Approved,300,SBI,9876543232
869,Raja,999888004,SNAP,Approved,300,SBI,9876543232
870,Raja,999888004,SNAP,Approved,300,SBI,9876543232
871,Raja,999888004,SNAP,Approved,300,SBI,9876543232
872,Raja,999888004,SNAP,Approved,300,SBI,9876543232
873,Raja,999888004,SNAP,Approved,300,SBI,9876543232
874,Raja,999888004,SNAP,Approved,300,SBI,9876543232
875,Raja,999888004,SNAP,Approved,300,SBI,9876543232
876,Raja,999888004,SNAP,Approved,300,SBI,9876543232
877,Raja,999888004,SNAP,Approved,300,SBI,9876543232
878,Raja,999888004,SNAP,Approved,300,SBI,9876543232
879,Raja,999888004,SNAP,Approved,300,SBI,9876543232
880,Raja,999888004,SNAP,Approved,300,SBI,9876543232
881,Raja,999888004,SNAP,Approved,300,SBI,9876543232
882,Raja,999888004,SNAP,Approved,300,SBI,9876543232
883,Raja,999888004,SNAP,Approved,300,SBI,9876543232
884,Raja,999888004,SNAP,Approved,300,SBI,9876543232
885,Raja,999888004,SNAP,Approved,300,SBI,9876543232
886,Raja,999888004,SNAP,Approved,300,SBI,9876543232
887,Raja,999888004,SNAP,Approved,300,SBI,9876543232
888,Raja,999888004,SNAP,Approved,300,SBI,9876543232
889,Raja,999888004,SNAP,Approved,300,SBI,9876543232
890,Raja,999888004,SNAP,Approved,300,SBI,9876543232
891,Raja,999888004,SNAP,Approved,300,SBI,9876543232
892,Raja,999888004,SNAP,Approved,300,SBI,9876543232
893,Raja,999888004,SNAP,Approved,300,SBI,9876543232
894,Raja,999888004,SNAP,Approved,300,SBI,9876543232
895,Raja,999888004,SNAP,Approved,300,SBI,9876543232
896,Raja,999888004,SNAP,Approved,300,SBI,9876543232
897,Raja,999888004,SNAP,Approved,300,SBI,9876543232
898,Raja,999888004,SNAP,Approved,300,SBI,9876543232
899,Raja,999888004,SNAP,Approved,300,SBI,9876543232
900,Raja,999888004,SNAP,Approved,300,SBI,9876543232
901,Raja,999888004,SNAP,Approved,300,SBI,9876543232
902,Raja,999888004,SNAP,Approved,300,SBI,9876543232
903,Raja,999888004,SNAP,Approved,300,SBI,9876543232
904,Raja,999888004,SNAP,Approved,300,SBI,9876543232
905,Raja,999888004,SNAP,Approved,300,SBI,9876543232
906,Raja,999888004,SNAP,Approved,300,SBI,9876543232
907,Raja,999888004,SNAP,Approved,300,SBI,9876543232
908,Raja,999888004,SNAP,Approved,300,SBI,9876543232
909,Raja,999888004,SNAP,Approved,300,SBI,9876543232
910,Raja,999888004,SNAP,Approved,300,SBI,9876543232
911,Raja,999888004,SNAP,Approved,300,SBI,9876543232
912,Raja,999888004,SNAP,Approved,300,SBI,9876543232
913,Raja,999888004,SNAP,Approved,300,SBI,9876543232
914,Raja,999888004,SNAP,Approved,300,SBI,9876543232
915,Raja,999888004,SNAP,Approved,300,SBI,9876543232
916,Raja,999888004,SNAP,Approved,300,SBI,9876543232
917,Raja,999888004,SNAP,Approved,300,SBI,9876543232
918,Raja,999888004,SNAP,Approved,300,SBI,9876543232
919,Raja,999888004,SNAP,Approved,300,SBI,9876543232
920,Raja,999888004,SNAP,Approved,300,SBI,9876543232
921,Raja,999888004,SNAP,Approved,300,SBI,9876543232
922,Raja,999888004,SNAP,Approved,300,SBI,9876543232
923,Raja,999888004,SNAP,Approved,300,SBI,9876543232
924,Raja,999888004,SNAP,Approved,300,SBI,9876543232
925,Raja,999888004,SNAP,Approved,300,SBI,9876543232
926,Raja,999888004,SNAP,Approved,300,SBI,9876543232
927,Raja,999888004,SNAP,Approved,300,SBI,9876543232
928,Raja,999888004,SNAP,Approved,300,SBI,9876543232
929,Raja,999888004,SNAP,Approved,300,SBI,9876543232
930,Raja,999888004,SNAP,Approved,300,SBI,9876543232
931,Raja,999888004,SNAP,Approved,300,SBI,9876543232
932,Raja,999888004,SNAP,Approved,300,SBI,9876543232
933,Raja,999888004,SNAP,Approved,300,SBI,9876543232
934,Raja,999888004,SNAP,Approved,300,SBI,9876543232
935,Raja,999888004,SNAP,Approved,300,SBI,9876543232
936,Raja,999888004,SNAP,Approved,300,SBI,9876543232
937,Raja,999888004,SNAP,Approved,300,SBI,9876543232
938,Raja,999888004,SNAP,Approved,300,SBI,9876543232
939,Raja,999888004,SNAP,Approved,300,SBI,9876543232
940,Raja,999888004,SNAP,Approved,300,SBI,9876543232
941,Raja,999888004,SNAP,Approved,300,SBI,9876543232
942,Raja,999888004,SNAP,Approved,300,SBI,9876543232
943,Raja,999888004,SNAP,Approved,300,SBI,9876543232
944,Raja,999888004,SNAP,Approved,300,SBI,9876543232
945,Raja,999888004,SNAP,Approved,300,SBI,9876543232
946,Raja,999888004,SNAP,Approved,300,SBI,9876543232
947,Raja,999888004,SNAP,Approved,300,SBI,9876543232
948,Raja,999888004,SNAP,Approved,300,SBI,9876543232
949,Raja,999888004,SNAP,Approved,300,SBI,9876543232
950,Raja,999888004,SNAP,Approved,300,SBI,9876543232
951,Raja,999888004,SNAP,Approved,300,SBI,9876543232
952,Raja,999888004,SNAP,Approved,300,SBI,9876543232
953,Raja,999888004,SNAP,Approved,300,SBI,9876543232
954,Raja,999888004,SNAP,Approved,300,SBI,9876543232
955,Raja,999888004,SNAP,Approved,300,SBI,9876543232
956,Raja,999888004,SNAP,Approved,300,SBI,9876543232
957,Raja,999888004,SNAP,Approved,300,SBI,9876543232
958,Raja,999888004,SNAP,Approved,300,SBI,9876543232
959,Raja,999888004,SNAP,Approved,300,SBI,9876543232
960,Raja,999888004,SNAP,Approved,300,SBI,9876543232
961,Raja,999888004,SNAP,Approved,300,SBI,9876543232
962,Raja,999888004,SNAP,Approved,300,SBI,9876543232
963,Raja,999888004,SNAP,Approved,300,SBI,9876543232
964,Raja,999888004,SNAP,Approved,300,SBI,9876543232
965,Raja,999888004,SNAP,Approved,300,SBI,9876543232
966,Raja,999888004,SNAP,Approved,300,SBI,9876543232
967,Raja,999888004,SNAP,Approved,300,SBI,9876543232
968,Raja,999888004,SNAP,Approved,300,SBI,9876543232
969,Raja,999888004,SNAP,Approved,300,SBI,9876543232
970,Raja,999888004,SNAP,Approved,300,SBI,9876543232
971,Raja,999888004,SNAP,Approved,300,SBI,9876543232
972,Raja,999888004,SNAP,Approved,300,SBI,9876543232
973,Raja,999888004,SNAP,Approved,300,SBI,9876543232
974,Raja,999888004,SNAP,Approved,300,SBI,9876543232
975,Raja,999888004,SNAP,Approved,300,SBI,9876543232
976,Raja,999888004,SNAP,Approved,300,SBI,9876543232
977,Raja,999888004,SNAP,Approved,300,SBI,9876543232
978,Raja,999888004,SNAP,Approved,300,SBI,9876543232
979,Raja,999888004,SNAP,Approved,300,SBI,9876543232
980,Raja,999888004,SNAP,Approved,300,SBI,9876543232
981,Raja,999888004,SNAP,Approved,300,SBI,9876543232
982,Raja,999888004,SNAP,Approved,300,SBI,9876543232
983,Raja,999888004,SNAP,Approved,300,SBI,9876543232
984,Raja,999888004,SNAP,Approved,300,SBI,9876543232
985,Raja,999888004,SNAP,Approved,300,SBI,9876543232
986,Raja,999888004,SNAP,Approved,300,SBI,9876543232
987,Raja,999888004,SNAP,Approved,300,SBI,9876543232
988,Raja,999888004,SNAP,Approved,300,SBI,9876543232
989,Raja,999888004,SNAP,Approved,300,SBI,9876543232
990,Raja,999888004,SNAP,Approved,300,SBI,9876543232
991,Raja,999888004,SNAP,Approved,300,SBI,9876543232
992,Raja,999888004,SNAP,Approved,300,SBI,9876543232
993,Raja,999888004,SNAP,Approved,300,SBI,9876543232
994,Raja,999888004,SNAP,Approved,300,SBI,9876543232
995,Raja,999888004,SNAP,Approved,300,SBI,9876543232
996,Raja,999888004,SNAP,Approved,300,SBI,9876543232
997,Raja,999888004,SNAP,Approved,300,SBI,9876543232
998,Raja,999888004,SNAP,Approved,300,SBI,9876543232
999,Raja,999888004,SNAP,Approved,300,SBI,9876543232
